ID,Name,Comments,Date,Category
1,Record101,"Customer Lisa Thompson inquired about billing. Phone: 555-789-1234, email: lisa.thompson@example.org. Account: 9876543210987654.",2024-02-01,Support
2,Record102,"Patient David Wilson, DOB 07/22/1978, SSN 456-78-9012, scheduled for cardiac checkup next week.",2024-02-02,Healthcare
3,Record103,"Debit card 5412-3456-7890-1234 declined at 789 Elm Street, Metro City, CA 90210. Customer contact: (555) 654-3210.",2024-02-03,Finance
4,Record104,"Staff member Amanda Clark, ID EMP205, phone 555-111-2222, requires training update for compliance.",2024-02-04,HR
5,Record105,"Auto claim filed for VIN 2FMDK3GC4DBA12345. Policyholder: Kevin Murphy, phone (555) 876-5432, email k.murphy@bizmail.com.",2024-02-05,Insurance
6,Record106,"Consultation needed for chronic pain management. Reach Dr. Peterson at (555) 333-4444 or peterson@clinic.org.",2024-02-06,Medical
7,Record107,"Wire transfer using routing 111000025 to account 123456789098. Client: Rachel Green, SSN 234-56-7890.",2024-02-07,Banking
8,Record108,"Location update required for 321 Maple Drive, Riverside, OH 43215. Customer birthdate: 08/30/1987, contact 555-999-8888.",2024-02-08,Verification
9,Record109,"Backup contact: Thomas Rodriguez, brother, phone 555-222-1111, email t.rodriguez@webmail.com, lives at 654 Cedar Lane, Phoenix, AZ 85001.",2024-02-09,Emergency
10,Record110,"Routine system backup completed successfully. All data integrity checks passed without issues.",2024-02-10,Maintenance